dice,presision,recall,volume_difference
0.7574745,0.6946446615021893,0.8328218381521564,2463
