dice,presision,recall,volume_difference
0.79973537,0.7983193277310925,0.8012048192771084,15
