dice,presision,recall,volume_difference
0.7867902,0.831131157178516,0.7469425582039911,11695
