dice,presision,recall,volume_difference
0.3428633,0.38273381294964026,0.3107476635514019,483
