dice,presision,recall,volume_difference
0.5837813,0.46719095600884736,0.7781416291444945,1626
