dice,presision,recall,volume_difference
0.84686214,0.8422417858827228,0.8515457363108957,139
