dice,presision,recall,volume_difference
0.7967073,0.9656468399617879,0.678079350368507,33739
