dice,presision,recall,volume_difference
0.8018254,0.7538362422396626,0.8563539587491683,2044
