dice,presision,recall,volume_difference
0.07585686,0.05508938343670193,0.12296416938110749,1513
