dice,presision,recall,volume_difference
0.8446156,0.7633572689101199,0.945237736417753,12648
