dice,presision,recall,volume_difference
0.85165435,0.7934378810651391,0.9190920438867354,14463
