dice,presision,recall,volume_difference
0.45722833,0.39221629068365765,0.5481060788371758,8258
