dice,presision,recall,volume_difference
0.62374765,0.8011126564673157,0.5107514963422745,1635
