dice,presision,recall,volume_difference
0.5848214,0.8651841556636554,0.4418026969481902,1379
