dice,presision,recall,volume_difference
0.7858429,0.8899786366284715,0.703538804022415,2729
