epoch;dice_coef;hausdorff_distance;loss;precision;recall;val_dice_coef;val_hausdorff_distance;val_loss;val_precision;val_recall
0;0.31324049830436707;0.11377912014722824;0.6906882524490356;0.3448159694671631;0.3563283681869507;0.20458273589611053;0.1230141818523407;0.7959321141242981;0.17559464275836945;0.7548960447311401
1;0.5149906873703003;0.056837473064661026;0.4856266975402832;0.5574047565460205;0.5140504837036133;0.6885601878166199;0.04484160989522934;0.45436280965805054;0.7917584180831909;0.7308416366577148
2;0.5881043672561646;0.04630425199866295;0.41220328211784363;0.6250804662704468;0.5858553051948547;0.06734296679496765;0.6235637664794922;0.9327558279037476;0.03667251393198967;0.92444908618927
3;0.60152667760849;0.044340554624795914;0.3987336754798889;0.6390333771705627;0.5985122323036194;0.3022270202636719;0.06738967448472977;0.6979517340660095;0.2477262020111084;0.8930582404136658
4;0.6311490535736084;0.040289368480443954;0.36903247237205505;0.6677384972572327;0.6242052912712097;0.35654976963996887;0.04650076851248741;0.6454618573188782;0.3288272023200989;0.871897280216217
5;0.6482965350151062;0.03824383392930031;0.35185691714286804;0.6811224818229675;0.6423271298408508;0.4931429922580719;0.037173762917518616;0.5268884897232056;0.5130133628845215;0.844338059425354
6;0.6647986173629761;0.036391615867614746;0.3353364169597626;0.7029086351394653;0.6535422205924988;0.40048882365226746;0.04207437485456467;0.6055853366851807;0.37874117493629456;0.8797335028648376
