Epoch,Time
1,1264.9952852725983
2,1222.137071609497
3,1220.184787273407
4,1220.3258256912231
5,1220.347677230835
6,1220.240558385849
7,1220.069729089737
