dice,presision,recall,volume_difference
0.6885359,0.5898345153664303,0.8275290215588723,243
