dice,presision,recall,volume_difference
0.6757083,0.5876805390627158,0.7947602330445175,18870
