dice,presision,recall,volume_difference
0.53508383,0.5903963846371708,0.4892497806077675,33578
