dice,presision,recall,volume_difference
0.05949576,0.8694158075601375,0.030861185655037815,7907
