dice,presision,recall,volume_difference
0.75301784,0.6543624161073825,0.8868675383740762,625
