dice,presision,recall,volume_difference
0.81151855,0.7015419822372364,0.9623876937796182,49744
