dice,presision,recall,volume_difference
0.7728245,0.6526189042745334,0.9475524475524476,517
