dice,presision,recall,volume_difference
0.8453131,0.7852718513420509,0.9153630164460489,413
