dice,presision,recall,volume_difference
0.00069204153,0.05263157894736842,0.000700770847932726,1408
