dice,presision,recall,volume_difference
0.6228148,0.5510006299365218,0.7161631641928915,14278
