dice,presision,recall,volume_difference
0.7847739,0.6755336617405583,0.9362767410104689,848
