dice,presision,recall,volume_difference
0.5120192,0.6539877300613497,0.42101105845181674,451
