dice,presision,recall,volume_difference
0.40600753,0.48529801324503313,0.3490853658536585,1473
