dice,presision,recall,volume_difference
0.9004817,0.8664363845710996,0.9373133190131805,6436
