dice,presision,recall,volume_difference
0.23438881,0.14366197183098592,0.6381135707410972,3576
