dice,presision,recall,volume_difference
0.7934432,0.6841437219293107,0.9443396226415094,2822
