dice,presision,recall,volume_difference
0.40616423,0.3114548651378549,0.5836721817162086,24934
