dice,presision,recall,volume_difference
0.51111114,1.0,0.35294117647058826,22
