dice,presision,recall,volume_difference
0.8459878,0.8924180327868853,0.8041649569142388,964
