dice,presision,recall,volume_difference
0.5997279,0.6424568482403049,0.5624018838304553,635
