dice,presision,recall,volume_difference
0.77108943,0.6824729891956782,0.8862042088854248,1532
