dice,presision,recall,volume_difference
0.59943706,0.5473831775700935,0.6624816197262753,1859
