dice,presision,recall,volume_difference
0.63952744,0.6918347141889427,0.5945812807881773,6278
