dice,presision,recall,volume_difference
0.9177348,0.9271002149627542,0.908557074655846,4244
