dice,presision,recall,volume_difference
0.607727,0.5913329676357653,0.6252900232018561,99
