dice,presision,recall,volume_difference
0.12397541,0.1464594127806563,0.10766886744540376,1043
