dice,presision,recall,volume_difference
0.727734,0.7034109208022251,0.7538437401945404,457
