dice,presision,recall,volume_difference
0.4153657,0.8998935037273695,0.27005433045701505,4380
