dice,presision,recall,volume_difference
0.871286,0.9392028343666962,0.8125301721825886,17601
