dice,presision,recall,volume_difference
0.11498708,0.3082191780821918,0.07154213036565978,483
