dice,presision,recall,volume_difference
0.44154242,0.8568943018703784,0.2974482862751019,4324
