dice,presision,recall,volume_difference
0.6282469,0.4917987594762233,0.8696076041920546,3152
