dice,presision,recall,volume_difference
0.7555627,0.8247244393766628,0.6971069667325269,9633
