dice,presision,recall,volume_difference
0.76044965,0.9136840732772671,0.6512344722902017,18545
