dice,presision,recall,volume_difference
0.47036183,0.8767908309455588,0.3217665615141956,602
