dice,presision,recall,volume_difference
0.78073514,0.8279236716161492,0.7386413400481716,3940
