dice,presision,recall,volume_difference
0.8237053,0.8255520504731861,0.8219221105527639,14
