dice,presision,recall,volume_difference
0.78926593,0.7930801687763713,0.785523236375794,57
