dice,presision,recall,volume_difference
0.7315274,0.6551926203168122,0.8280021977496954,11041
