dice,presision,recall,volume_difference
0.92062443,0.9149662877902995,0.9263536492867803,1526
