dice,presision,recall,volume_difference
0.45902863,0.5857687420584498,0.3775593775593776,868
