dice,presision,recall,volume_difference
0.81153125,0.7249447290939762,0.9216096332902641,20366
