file_name,dice_mean,dice_std,presision_mean,presision_std,recall_mean,recall_std,hausdorff_distance_mean,hausdorff_distance_std
result_of_axial_fold_3.csv,0.670779657059516,0.41239033185680984,0.9555238849548837,0.13309795106125805,0.6644451608732529,0.4187323948118988,0.0310173024099564,0.05013634187771339
result_of_axial_fold_5.csv,0.6676909984078925,0.4198053633022447,0.9520786681416061,0.147232921538023,0.6638073906677369,0.4234677001993499,0.03216751480835756,0.0514379546070796
result_of_axial_fold_4.csv,0.6288572932836264,0.43675927809180837,0.9572601854774708,0.15036605819859955,0.6254597436235552,0.4388779578734217,0.03846014108968024,0.06027341831324544
result_of_axial_fold_2.csv,0.6675956811991876,0.42023253107988207,0.9540603961383576,0.14848170762814358,0.6651492521787805,0.4231905464466985,0.03088033908430233,0.04828200693397604
result_of_axial_fold_1.csv,0.6627437029304462,0.4193205979478668,0.9534765435271948,0.14789307521288506,0.6579697112802007,0.42284989308018683,0.032926403449636626,0.052557553736416504
All,0.6595334665761337,0.014197151450938722,0.9544799356479027,0.0016211371551642145,0.6553662517247052,0.013847766031198196,0.03309034016838663,0.00254606998354733
