file_name,dice_mean,dice_std,presision_mean,presision_std,recall_mean,recall_std,hausdorff_distance_mean,hausdorff_distance_std
result_of_coronal_fold_5.csv,0.6075324981893974,0.44543066813560156,0.9591402657749433,0.15009226696034556,0.6040650274926508,0.4465297888981859,0.03561108762574914,0.05343201415266574
result_of_coronal_fold_1.csv,0.6126790240462435,0.4497760147012304,0.9611760199275685,0.12684553110391059,0.6164445673384097,0.45349198089807247,0.03650995735327483,0.05592147163502928
result_of_coronal_fold_3.csv,0.6082712424867294,0.44636403322302076,0.938981750978598,0.17918363524276187,0.6223773328722495,0.450529769832459,0.036850570796339896,0.05516581400559417
result_of_coronal_fold_2.csv,0.5894706178697702,0.453657468627598,0.9301334715002793,0.19920264769137433,0.6089534141010362,0.45405054783265836,0.03778519885706615,0.0536700287379204
result_of_coronal_fold_4.csv,0.5446381220436867,0.47702739020605167,0.9848497527390249,0.08923354334253855,0.5447747656267192,0.47789804685735715,0.046808915133591075,0.06801465961575684
All,0.5925183009271654,0.023028373606722063,0.9548562521840827,0.017421815756784063,0.5993230214862131,0.02554535804553258,0.03871314595320422,0.0037494123211532127
