file_name,dice_mean,dice_std,presision_mean,presision_std,recall_mean,recall_std,hausdorff_distance_mean,hausdorff_distance_std
result_of_sagittal_fold_5.csv,0.5390459352412154,0.4637078841971236,0.9641053939645586,0.13431420564444796,0.5446365214660995,0.4674854387969084,0.057493524194775124,0.09035710125101194
result_of_sagittal_fold_4.csv,0.5486656708683281,0.4401977443137466,0.8883464214336563,0.25330387823762096,0.5712871352321447,0.4447827124567312,0.05018837257201776,0.07500977030071161
result_of_sagittal_fold_2.csv,0.49851567614616593,0.47260234902970777,0.981439864528125,0.08815255236289748,0.49836239454172426,0.47410391646017724,0.06356281736548224,0.09450529818599655
result_of_sagittal_fold_3.csv,0.5657171676516114,0.4460250143275406,0.9408498388267488,0.1767824217768766,0.5696343981977131,0.4482006195277986,0.04862952464188763,0.07199382760081881
result_of_sagittal_fold_1.csv,0.5439773860797049,0.44204574847725453,0.8735908219251871,0.26988127771429243,0.5756494270500302,0.44745091779565127,0.05093591389133882,0.0734836579958543
All,0.5391843671974053,0.020292934913727592,0.9296664681356553,0.03839144072066908,0.5519139752975424,0.02637371645920405,0.054162030533100314,0.0051035943330802495
