dice,presision,recall,volume_difference
0.034785934,0.11057692307692307,0.020899591094956836,1785
