dice,presision,recall,volume_difference
0.6152019,0.5489214175654854,0.699901768172888,560
