dice,presision,recall,volume_difference
0.8820805,0.8828553857367378,0.8813096862210096,77
