dice,presision,recall,volume_difference
0.4756965,0.36666666666666664,0.6776371308016877,1005
