dice,presision,recall,volume_difference
0.56069976,0.7317190699915673,0.45450463932954205,5063
