dice,presision,recall,volume_difference
0.22823921,0.864321608040201,0.1316494450822809,2215
