dice,presision,recall,volume_difference
0.31355932,0.19226638023630505,0.8523809523809524,2163
