Model,Plane,Average Time
X_net,axial,0.052753123111747534
X_net,sagittal,0.05413084728760844
X_net,coronal,0.05203058793530763
CLCI,axial,0.059362167105249775
CLCI,sagittal,0.062008955339157
CLCI,coronal,0.09884269705503759
RAX_Net,axial,0.04187734412808736
RAX_Net,sagittal,0.041752215699468395
RAX_Net,coronal,0.0407637435130376
