dice,presision,recall,volume_difference
0.73588514,0.8961864406779662,0.6242621015348289,2056
