dice,presision,recall,volume_difference
0.8669222,0.8025501116734047,0.9425260641476858,5253
