dice,presision,recall,volume_difference
0.27839378,0.8823529411764706,0.16542155816435433,2284
