dice,presision,recall,volume_difference
0.12746212,0.614963503649635,0.0712021973378407,4185
