dice,presision,recall,volume_difference
0.0005627462,1.0,0.0005627462014631402,1776
