dice,presision,recall,volume_difference
0.36963144,0.8659058487874465,0.23504356243949662,3763
