dice,presision,recall,volume_difference
0.25280064,0.2825998865386174,0.22873073138734012,2906
