dice,presision,recall,volume_difference
0.4324505,0.9043690365162493,0.2841749323715059,30421
