dice,presision,recall,volume_difference
0.9166958,0.9039803247648645,0.9297749835947587,2696
