dice,presision,recall,volume_difference
0.67667407,0.6030190468663558,0.7708628005657708,2755
