dice,presision,recall,volume_difference
0.864519,0.8115305638919602,0.9249131397504906,7761
