dice,presision,recall,volume_difference
0.8958612,0.9505777118902974,0.8471014072311956,24390
