dice,presision,recall,volume_difference
0.8639414,0.8893867264071689,0.8399153737658674,1893
