dice,presision,recall,volume_difference
0.8039893,0.7266057308445212,0.899824387264259,12489
