dice,presision,recall,volume_difference
0.106671505,0.8373151308304891,0.057001239157372985,12033
