dice,presision,recall,volume_difference
0.83503425,0.8701519213583557,0.8026433291659225,5647
