dice,presision,recall,volume_difference
0.17554557,0.2019159911569639,0.15568181818181817,403
