dice,presision,recall,volume_difference
0.7136505,0.5682944090587403,0.959378733572282,576
