dice,presision,recall,volume_difference
0.8899943,0.8647345759847569,0.9167746287353984,16862
