dice,presision,recall,volume_difference
0.6854106,0.5351432880844645,0.9532509403546481,1454
