dice,presision,recall,volume_difference
0.71337897,0.9170932604595666,0.5837232661260687,14838
