dice,presision,recall,volume_difference
0.67175925,0.5689655172413793,0.8203389830508474,391
