dice,presision,recall,volume_difference
0.012674683,0.29411764705882354,0.006644518272425249,2942
