dice,presision,recall,volume_difference
0.20666666,0.9215686274509803,0.1175,349
