dice,presision,recall,volume_difference
0.81039196,0.822550831792976,0.7989228007181328,16
