dice,presision,recall,volume_difference
0.6169689,0.4824072293789656,0.8557298772169167,4538
