dice,presision,recall,volume_difference
0.85605294,0.8570844562880416,0.8550260554338797,159
