dice,presision,recall,volume_difference
0.86987925,0.8026442051391406,0.9494261571446588,1450
