dice,presision,recall,volume_difference
0.38935044,0.26851247757298974,0.7080645161290322,15224
