dice,presision,recall,volume_difference
0.81143445,0.6937620287558021,0.977196619358954,5124
