dice,presision,recall,volume_difference
0.72029704,0.6008230452674898,0.9012345679012346,81
