dice,presision,recall,volume_difference
0.9012761,0.8276762307416177,0.9892435838541079,45043
