dice,presision,recall,volume_difference
0.8593819,0.8019812641326586,0.9256390074153859,3722
