dice,presision,recall,volume_difference
0.9023323,0.8520315702501974,0.9589453512327697,24424
