dice,presision,recall,volume_difference
0.604445,0.8181333333333334,0.479285134037368,6628
