dice,presision,recall,volume_difference
0.77268493,0.8122336136389817,0.7368201055436543,1777
