dice,presision,recall,volume_difference
0.13110307,0.2693726937269373,0.08732057416267942,565
