dice,presision,recall,volume_difference
0.8741199,0.949864679000843,0.8095636244464425,35155
