dice,presision,recall,volume_difference
0.38328463,0.41933009460496035,0.35306781485468247,734
