dice,presision,recall,volume_difference
0.90461314,0.8522971161673889,0.9637726304826907,14066
