dice,presision,recall,volume_difference
0.65215087,0.6309157509157509,0.6749216300940439,445
