dice,presision,recall,volume_difference
0.6673866,0.6628571428571428,0.672463768115942,10
