dice,presision,recall,volume_difference
0.71474975,0.7192416173670437,0.7103164626972235,1234
