dice,presision,recall,volume_difference
0.72369385,0.6792088232613254,0.7744174928810459,13488
