dice,presision,recall,volume_difference
0.9034639,0.9064889497742427,0.9004596200844257,958
