dice,presision,recall,volume_difference
0.29177216,0.90234375,0.17433962264150943,1069
