dice,presision,recall,volume_difference
0.6019983,0.543106037849204,0.6753828912962271,652
