dice,presision,recall,volume_difference
0.58658177,0.5318130630630631,0.6540858725761773,664
